S.no,Student ID,Well versed with the subject,Explains concepts in an understandable way,Use of presentations,Degree of difficulty of assignments,Solves doubts willingly,Structuring of the course,Provides support for students going above and beyond,Course recommendation based on relevance,Suggestions,Sentiment
0,340,5,2,7,6,9,2,1,8,Very helpful and interactive session,Positive
1,253,6,5,8,6,2,1,2,9,The class was too fast paced,Positive
2,680,7,7,6,5,4,2,3,1,Great use of visuals,Positive
3,806,9,6,7,1,5,9,4,6,More examples should be added,Positive
4,632,8,10,8,4,6,6,9,9,Explain topics in a simpler way,Neutral
5,832,7,2,7,8,3,5,1,4,Assignments were challenging,Positive
6,772,9,3,5,2,10,3,8,1,Include more practicals,Positive
7,961,9,8,7,4,4,3,3,10,Helped clear my doubts clearly,Positive
8,814,6,5,8,6,4,4,7,9,"Too much theory, less engagement",Neutral
9,863,5,9,4,7,9,4,4,5,Loved the interactive session,Positive
10,576,10,3,8,6,6,3,6,9,Very helpful and interactive session,Positive
11,702,8,4,7,1,2,1,8,8,The class was too fast paced,Positive
12,541,5,4,4,2,2,7,8,1,Great use of visuals,Positive
13,552,5,6,7,2,7,4,4,2,More examples should be added,Positive
14,510,6,7,8,3,4,7,7,6,Explain topics in a simpler way,Neutral
15,159,7,7,6,6,3,9,3,1,Assignments were challenging,Positive
16,223,9,10,4,5,7,10,10,6,Include more practicals,Positive
17,807,8,3,4,2,2,4,6,1,Helped clear my doubts clearly,Positive
18,525,9,9,4,3,5,5,9,2,"Too much theory, less engagement",Neutral
19,799,5,6,5,4,2,1,1,7,Loved the interactive session,Positive
20,24,9,10,6,10,2,10,1,9,Very helpful and interactive session,Positive
21,509,8,2,7,5,2,3,4,4,The class was too fast paced,Positive
22,797,9,10,4,10,9,2,10,7,Great use of visuals,Positive
23,418,8,8,6,7,9,5,2,8,More examples should be added,Positive
24,48,5,5,4,2,1,10,10,9,Explain topics in a simpler way,Neutral
25,657,9,5,7,3,2,8,10,6,Assignments were challenging,Positive
26,864,9,8,5,2,3,9,2,8,Include more practicals,Positive
27,861,5,6,4,5,4,4,6,6,Helped clear my doubts clearly,Positive
28,118,9,10,7,7,4,6,9,1,"Too much theory, less engagement",Neutral
29,387,7,3,8,1,6,8,6,8,Loved the interactive session,Positive
30,282,5,6,7,3,8,1,1,9,Very helpful and interactive session,Positive
31,503,8,6,6,3,3,6,4,10,The class was too fast paced,Positive
32,934,5,6,4,6,10,3,4,10,Great use of visuals,Positive
33,781,8,3,4,5,1,8,10,5,More examples should be added,Positive
34,898,10,10,4,3,5,4,2,1,Explain topics in a simpler way,Neutral
35,474,8,3,7,6,4,3,7,7,Assignments were challenging,Positive
36,704,9,9,8,6,8,4,8,5,Include more practicals,Positive
37,977,9,5,4,4,6,3,1,9,Helped clear my doubts clearly,Positive
38,454,9,6,6,1,10,8,10,7,"Too much theory, less engagement",Neutral
39,295,5,7,6,3,1,7,2,9,Loved the interactive session,Positive
40,35,10,6,4,5,6,2,3,1,Very helpful and interactive session,Positive
41,304,9,9,4,6,5,1,7,2,The class was too fast paced,Positive
42,56,6,9,6,8,9,6,2,4,Great use of visuals,Positive
43,922,8,10,7,4,5,9,3,5,More examples should be added,Positive
44,569,10,7,6,9,2,6,2,5,Explain topics in a simpler way,Neutral
45,186,6,4,4,4,6,9,10,10,Assignments were challenging,Positive
46,258,7,2,7,2,7,2,6,10,Include more practicals,Positive
47,560,8,7,8,3,8,7,4,8,Helped clear my doubts clearly,Positive
48,621,10,4,5,1,5,10,1,10,"Too much theory, less engagement",Neutral
49,568,10,7,4,6,10,8,10,8,Loved the interactive session,Positive
50,393,6,9,8,7,5,8,1,4,Very helpful and interactive session,Positive
51,12,8,10,7,2,8,9,6,6,The class was too fast paced,Positive
52,798,7,2,8,7,10,5,3,5,Great use of visuals,Positive
53,740,8,10,7,3,2,10,10,1,More examples should be added,Positive
54,184,10,9,8,6,4,8,8,9,Explain topics in a simpler way,Neutral
55,410,7,2,5,2,6,6,3,10,Assignments were challenging,Positive
56,480,10,6,7,8,5,3,1,5,Include more practicals,Positive
57,84,7,4,6,10,7,7,8,9,Helped clear my doubts clearly,Positive
58,89,9,9,4,5,1,2,3,9,"Too much theory, less engagement",Neutral
59,763,6,9,6,7,6,10,2,5,Loved the interactive session,Positive
60,86,7,8,6,8,3,10,2,7,Very helpful and interactive session,Positive
61,867,6,4,6,4,2,7,5,3,The class was too fast paced,Positive
62,248,6,6,4,6,6,6,2,3,Great use of visuals,Positive
63,751,7,3,8,10,2,7,2,6,More examples should be added,Positive
64,522,6,9,8,10,9,5,3,6,Explain topics in a simpler way,Neutral
65,696,5,5,4,9,3,1,8,6,Assignments were challenging,Positive
66,274,8,2,4,7,10,8,5,8,Include more practicals,Positive
67,921,9,7,5,10,10,9,6,4,Helped clear my doubts clearly,Positive
68,957,6,2,7,8,5,9,5,4,"Too much theory, less engagement",Neutral
69,88,9,4,4,9,9,9,7,10,Loved the interactive session,Positive
70,149,5,6,5,1,8,9,7,8,Very helpful and interactive session,Positive
71,737,7,9,4,5,5,2,2,1,The class was too fast paced,Positive
72,891,7,2,4,9,6,9,7,9,Great use of visuals,Positive
73,1,9,6,8,7,6,5,3,10,More examples should be added,Positive
74,868,7,9,7,2,6,2,9,4,Explain topics in a simpler way,Neutral
75,895,5,5,7,7,2,1,8,9,Assignments were challenging,Positive
76,638,9,10,8,2,1,1,4,8,Include more practicals,Positive
77,707,5,6,6,5,1,9,6,9,Helped clear my doubts clearly,Positive
78,432,9,9,6,8,2,3,2,4,"Too much theory, less engagement",Neutral
79,988,7,4,6,7,6,9,7,1,Loved the interactive session,Positive
80,742,7,7,8,2,1,1,8,1,Very helpful and interactive session,Positive
81,730,6,5,4,5,6,6,7,2,The class was too fast paced,Positive
82,321,5,7,6,2,3,5,3,5,Great use of visuals,Positive
83,904,8,5,8,9,7,9,8,6,More examples should be added,Positive
84,171,6,10,4,6,1,6,2,3,Explain topics in a simpler way,Neutral
85,695,10,4,4,1,5,8,7,1,Assignments were challenging,Positive
86,498,8,5,4,5,10,7,1,10,Include more practicals,Positive
87,446,7,8,5,10,10,2,5,9,Helped clear my doubts clearly,Positive
88,982,9,10,7,5,6,6,1,5,"Too much theory, less engagement",Neutral
89,981,7,6,7,5,4,6,8,3,Loved the interactive session,Positive
90,849,6,10,6,7,7,4,10,7,Very helpful and interactive session,Positive
91,297,7,10,6,8,10,10,2,8,The class was too fast paced,Positive
92,713,8,6,7,5,2,7,10,8,Great use of visuals,Positive
93,192,8,4,8,6,3,5,1,5,More examples should be added,Positive
94,561,9,6,4,8,6,8,3,3,Explain topics in a simpler way,Neutral
95,364,6,6,7,9,6,4,7,6,Assignments were challenging,Positive
96,40,6,7,5,6,10,5,6,3,Include more practicals,Positive
97,521,5,9,4,2,1,8,3,7,Helped clear my doubts clearly,Positive
98,201,8,2,8,9,8,8,9,4,"Too much theory, less engagement",Neutral
99,780,6,4,4,10,6,5,6,8,Loved the interactive session,Positive
100,853,7,9,4,8,9,4,10,2,Very helpful and interactive session,Positive
101,202,5,6,6,10,3,4,2,8,The class was too fast paced,Positive
102,421,6,3,8,10,6,8,7,9,Great use of visuals,Positive
103,671,9,8,6,10,10,7,7,8,More examples should be added,Positive
104,334,5,9,4,3,8,10,4,2,Explain topics in a simpler way,Neutral
105,843,6,8,5,4,5,5,10,6,Assignments were challenging,Positive
106,57,10,7,6,10,4,4,2,4,Include more practicals,Positive
107,353,6,7,5,3,6,6,7,5,Helped clear my doubts clearly,Positive
108,681,7,2,7,5,2,1,3,7,"Too much theory, less engagement",Neutral
109,394,6,3,6,10,7,4,3,3,Loved the interactive session,Positive
110,188,7,6,8,9,9,8,9,10,Very helpful and interactive session,Positive
111,641,5,10,6,7,4,2,5,4,The class was too fast paced,Positive
112,544,10,7,8,4,6,5,7,8,Great use of visuals,Positive
113,163,9,3,4,7,3,8,6,8,More examples should be added,Positive
114,283,9,2,6,1,2,10,5,5,Explain topics in a simpler way,Neutral
115,820,6,5,4,9,2,5,10,7,Assignments were challenging,Positive
116,254,6,6,6,8,9,4,4,8,Include more practicals,Positive
117,221,9,6,8,1,8,2,5,6,Helped clear my doubts clearly,Positive
118,736,8,2,8,8,2,6,5,4,"Too much theory, less engagement",Neutral
119,280,9,10,4,7,7,3,5,4,Loved the interactive session,Positive
120,976,5,2,5,5,7,9,4,3,Very helpful and interactive session,Positive
121,481,9,10,8,9,1,3,1,9,The class was too fast paced,Positive
122,80,7,6,4,1,5,6,1,8,Great use of visuals,Positive
123,473,10,10,7,5,2,6,10,5,More examples should be added,Positive
124,762,10,7,5,7,8,9,3,4,Explain topics in a simpler way,Neutral
125,385,5,2,6,7,3,2,10,1,Assignments were challenging,Positive
126,195,9,7,5,5,10,10,5,1,Include more practicals,Positive
127,144,8,6,5,6,3,8,2,6,Helped clear my doubts clearly,Positive
128,767,10,10,8,3,9,6,4,8,"Too much theory, less engagement",Neutral
129,300,6,8,4,5,5,9,5,4,Loved the interactive session,Positive
130,580,5,2,5,8,6,5,4,9,Very helpful and interactive session,Positive
131,216,5,9,8,2,4,8,9,10,The class was too fast paced,Positive
132,583,9,3,4,6,5,3,8,7,Great use of visuals,Positive
133,881,7,9,5,9,4,5,4,8,More examples should be added,Positive
134,488,8,8,6,9,7,4,6,1,Explain topics in a simpler way,Neutral
135,892,5,8,8,9,6,9,10,6,Assignments were challenging,Positive
136,152,7,2,5,1,5,10,5,6,Include more practicals,Positive
137,925,7,10,6,7,9,10,1,3,Helped clear my doubts clearly,Positive
138,729,9,9,8,7,5,4,5,5,"Too much theory, less engagement",Neutral
139,647,5,5,8,8,9,6,9,8,Loved the interactive session,Positive
140,686,8,6,5,5,2,6,5,8,Very helpful and interactive session,Positive
141,93,9,10,6,4,9,6,7,8,The class was too fast paced,Positive
142,485,8,4,7,1,4,7,1,4,Great use of visuals,Positive
143,59,5,8,5,6,10,3,4,10,More examples should be added,Positive
144,907,10,4,7,6,1,2,5,1,Explain topics in a simpler way,Neutral
145,158,10,6,5,6,2,10,3,8,Assignments were challenging,Positive
146,955,10,4,4,1,10,1,10,10,Include more practicals,Positive
147,758,8,3,7,7,9,6,7,5,Helped clear my doubts clearly,Positive
148,605,6,4,4,4,7,5,5,2,"Too much theory, less engagement",Neutral
149,475,10,6,4,9,3,1,6,7,Loved the interactive session,Positive
150,154,9,7,4,8,2,6,3,9,Very helpful and interactive session,Positive
151,79,6,4,6,6,6,4,9,10,The class was too fast paced,Positive
152,36,10,6,5,2,1,9,9,6,Great use of visuals,Positive
153,562,6,3,6,7,8,7,4,1,More examples should be added,Positive
154,231,10,7,8,1,3,3,3,3,Explain topics in a simpler way,Neutral
155,869,8,7,6,2,9,4,1,7,Assignments were challenging,Positive
156,608,7,4,6,5,4,7,8,7,Include more practicals,Positive
157,846,10,7,7,4,7,10,7,1,Helped clear my doubts clearly,Positive
158,542,10,4,7,7,2,2,5,9,"Too much theory, less engagement",Neutral
159,941,9,3,7,2,9,7,3,1,Loved the interactive session,Positive
160,919,10,2,8,5,6,3,8,5,Very helpful and interactive session,Positive
161,352,6,2,6,3,5,3,8,6,The class was too fast paced,Positive
162,839,9,2,5,10,4,4,9,1,Great use of visuals,Positive
163,266,8,8,5,6,6,8,2,2,More examples should be added,Positive
164,298,8,4,8,9,7,1,7,3,Explain topics in a simpler way,Neutral
165,929,10,2,6,1,1,9,9,7,Assignments were challenging,Positive
166,574,6,4,8,5,9,5,7,10,Include more practicals,Positive
167,250,5,7,7,3,1,6,3,1,Helped clear my doubts clearly,Positive
168,616,9,8,6,9,6,3,5,8,"Too much theory, less engagement",Neutral
169,164,8,5,7,10,8,9,10,1,Loved the interactive session,Positive
170,827,6,3,4,9,7,8,7,6,Very helpful and interactive session,Positive
171,228,7,6,6,1,6,6,6,9,The class was too fast paced,Positive
172,787,10,10,5,10,1,9,3,8,Great use of visuals,Positive
173,317,8,8,4,1,10,10,9,1,More examples should be added,Positive
174,110,9,6,4,1,4,7,9,5,Explain topics in a simpler way,Neutral
175,165,6,2,6,2,2,10,2,2,Assignments were challenging,Positive
176,701,5,9,7,1,9,9,1,9,Include more practicals,Positive
177,362,7,9,6,7,4,8,1,2,Helped clear my doubts clearly,Positive
178,890,8,7,5,3,9,1,4,5,"Too much theory, less engagement",Neutral
179,728,10,9,4,8,5,2,3,10,Loved the interactive session,Positive
180,466,9,8,5,5,6,2,10,4,Very helpful and interactive session,Positive
181,709,9,3,6,4,4,8,10,1,The class was too fast paced,Positive
182,482,10,3,4,3,10,1,8,5,Great use of visuals,Positive
183,406,9,10,6,1,6,1,9,2,More examples should be added,Positive
184,66,8,5,8,7,6,1,9,9,Explain topics in a simpler way,Neutral
185,862,6,5,6,5,7,2,10,8,Assignments were challenging,Positive
186,61,9,8,6,5,3,10,6,6,Include more practicals,Positive
187,111,7,9,7,1,10,10,3,10,Helped clear my doubts clearly,Positive
188,147,6,8,4,6,9,6,8,7,"Too much theory, less engagement",Neutral
189,211,7,4,4,3,7,8,7,10,Loved the interactive session,Positive
190,996,6,5,6,10,8,7,8,4,Very helpful and interactive session,Positive
191,459,8,5,8,6,6,1,8,4,The class was too fast paced,Positive
192,81,5,5,6,5,7,3,9,5,Great use of visuals,Positive
193,288,5,9,6,9,4,4,2,6,More examples should be added,Positive
194,6,7,10,8,3,3,4,1,2,Explain topics in a simpler way,Neutral
195,547,6,6,8,5,1,2,2,8,Assignments were challenging,Positive
196,30,6,2,7,5,1,10,9,10,Include more practicals,Positive
197,445,9,4,4,2,4,8,1,6,Helped clear my doubts clearly,Positive
198,591,6,9,8,5,10,6,2,10,"Too much theory, less engagement",Neutral
199,770,10,10,5,7,10,7,7,10,Loved the interactive session,Positive
200,484,9,6,8,10,3,2,8,4,Very helpful and interactive session,Positive
201,180,8,4,4,1,6,9,6,1,The class was too fast paced,Positive
202,946,5,5,5,6,1,3,10,5,Great use of visuals,Positive
203,901,9,8,6,1,2,9,8,2,More examples should be added,Positive
204,517,10,5,7,7,5,10,6,5,Explain topics in a simpler way,Neutral
205,545,9,4,8,1,8,6,2,4,Assignments were challenging,Positive
206,918,8,3,8,9,9,1,6,1,Include more practicals,Positive
207,652,8,3,4,8,3,2,2,3,Helped clear my doubts clearly,Positive
208,471,10,10,4,8,2,2,4,7,"Too much theory, less engagement",Neutral
209,323,6,8,7,5,4,1,9,3,Loved the interactive session,Positive
210,276,8,5,7,9,1,10,1,2,Very helpful and interactive session,Positive
211,672,7,8,5,6,5,10,5,10,The class was too fast paced,Positive
212,337,10,7,6,8,9,5,1,1,Great use of visuals,Positive
213,468,7,7,8,4,2,1,5,10,More examples should be added,Positive
214,380,8,8,4,8,2,4,9,2,Explain topics in a simpler way,Neutral
215,755,9,8,7,2,9,6,3,7,Assignments were challenging,Positive
216,267,8,9,4,4,8,4,8,1,Include more practicals,Positive
217,598,9,3,4,9,3,4,5,1,Helped clear my doubts clearly,Positive
218,128,6,2,6,1,9,3,9,2,"Too much theory, less engagement",Neutral
219,444,8,2,6,10,7,2,4,8,Loved the interactive session,Positive
220,572,6,5,4,4,8,6,8,9,Very helpful and interactive session,Positive
221,319,8,3,6,6,7,10,8,4,The class was too fast paced,Positive
222,390,8,6,7,5,1,4,3,9,Great use of visuals,Positive
223,176,10,2,6,7,4,10,1,3,More examples should be added,Positive
224,883,7,4,4,2,8,6,7,4,Explain topics in a simpler way,Neutral
225,831,5,2,8,3,5,10,7,7,Assignments were challenging,Positive
226,220,10,5,8,7,9,7,2,7,Include more practicals,Positive
227,17,7,6,5,3,9,5,5,2,Helped clear my doubts clearly,Positive
228,938,10,10,6,5,2,9,9,9,"Too much theory, less engagement",Neutral
229,651,8,7,6,3,9,10,6,1,Loved the interactive session,Positive
230,953,5,10,8,10,6,4,6,4,Very helpful and interactive session,Positive
231,902,5,8,6,10,4,5,5,9,The class was too fast paced,Positive
232,167,7,7,5,8,6,9,9,8,Great use of visuals,Positive
233,669,9,3,4,5,2,2,1,6,More examples should be added,Positive
234,859,8,3,5,9,10,3,1,6,Explain topics in a simpler way,Neutral
235,120,8,4,7,5,4,4,10,6,Assignments were challenging,Positive
236,293,10,4,7,1,6,7,7,4,Include more practicals,Positive
237,789,10,2,8,7,9,8,1,4,Helped clear my doubts clearly,Positive
238,182,5,2,7,2,3,6,1,9,"Too much theory, less engagement",Neutral
239,369,10,5,4,4,3,7,4,10,Loved the interactive session,Positive
240,207,6,8,6,7,9,7,2,5,Very helpful and interactive session,Positive
241,842,10,7,5,3,3,6,4,6,The class was too fast paced,Positive
242,38,5,8,7,6,10,8,9,5,Great use of visuals,Positive
243,495,5,4,7,9,6,10,5,9,More examples should be added,Positive
244,942,10,6,8,3,7,8,4,5,Explain topics in a simpler way,Neutral
245,752,10,7,4,4,4,9,10,7,Assignments were challenging,Positive
246,940,7,3,6,9,10,8,3,5,Include more practicals,Positive
247,648,5,7,7,9,6,3,10,3,Helped clear my doubts clearly,Positive
248,125,6,2,4,5,9,7,7,7,"Too much theory, less engagement",Neutral
249,516,10,2,8,9,2,3,3,1,Loved the interactive session,Positive
250,963,9,6,4,5,3,3,6,6,Very helpful and interactive session,Positive
251,215,5,6,6,2,1,9,5,8,The class was too fast paced,Positive
252,823,7,5,8,3,4,3,1,10,Great use of visuals,Positive
253,840,5,7,5,6,9,9,10,6,More examples should be added,Positive
254,429,8,3,5,1,8,1,8,9,Explain topics in a simpler way,Neutral
255,109,6,3,5,6,1,6,6,10,Assignments were challenging,Positive
256,795,6,9,8,4,2,6,10,6,Include more practicals,Positive
257,760,9,4,4,3,8,5,10,1,Helped clear my doubts clearly,Positive
258,536,10,10,4,7,8,7,6,2,"Too much theory, less engagement",Neutral
259,888,6,6,5,2,3,6,6,3,Loved the interactive session,Positive
260,719,10,10,8,7,6,10,6,4,Very helpful and interactive session,Positive
261,654,6,4,4,9,5,8,8,2,The class was too fast paced,Positive
262,947,7,3,8,1,5,9,7,2,Great use of visuals,Positive
263,403,5,7,6,6,5,6,4,6,More examples should be added,Positive
264,124,9,9,7,9,1,9,4,3,Explain topics in a simpler way,Neutral
265,548,9,8,6,7,1,2,7,6,Assignments were challenging,Positive
266,880,7,3,6,3,5,3,3,10,Include more practicals,Positive
267,939,10,10,7,4,1,2,3,9,Helped clear my doubts clearly,Positive
268,166,6,10,4,4,4,8,4,6,"Too much theory, less engagement",Neutral
269,885,5,6,7,7,2,2,5,7,Loved the interactive session,Positive
270,112,7,9,6,9,1,7,1,2,Very helpful and interactive session,Positive
271,811,8,8,8,6,1,4,9,1,The class was too fast paced,Positive
272,213,10,8,4,10,1,5,6,2,Great use of visuals,Positive
273,375,10,4,4,1,3,4,7,9,More examples should be added,Positive
274,897,6,7,4,1,9,8,8,7,Explain topics in a simpler way,Neutral
275,460,7,8,5,6,7,7,6,7,Assignments were challenging,Positive
276,416,6,2,5,8,9,6,3,7,Include more practicals,Positive
277,571,8,9,7,3,1,8,9,7,Helped clear my doubts clearly,Positive
278,744,8,5,7,3,10,4,6,7,"Too much theory, less engagement",Neutral
279,378,9,8,7,2,4,7,2,6,Loved the interactive session,Positive
280,121,5,9,5,2,4,5,6,6,Very helpful and interactive session,Positive
281,462,10,4,8,5,4,6,4,7,The class was too fast paced,Positive
282,777,8,6,4,6,4,7,10,1,Great use of visuals,Positive
283,845,5,10,6,8,4,4,4,5,More examples should be added,Positive
284,533,6,10,5,7,2,5,10,10,Explain topics in a simpler way,Neutral
285,450,5,2,6,2,4,5,1,4,Assignments were challenging,Positive
286,717,6,2,4,6,6,2,6,9,Include more practicals,Positive
287,469,10,8,6,1,3,5,8,10,Helped clear my doubts clearly,Positive
288,670,7,7,8,1,6,1,2,1,"Too much theory, less engagement",Neutral
289,137,8,2,5,2,4,9,7,8,Loved the interactive session,Positive
290,801,10,7,4,3,6,1,10,4,Very helpful and interactive session,Positive
291,315,5,10,5,10,8,4,8,4,The class was too fast paced,Positive
292,153,7,7,5,3,8,9,8,9,Great use of visuals,Positive
293,190,8,6,7,5,6,4,3,8,More examples should be added,Positive
294,22,7,9,4,1,2,8,10,4,Explain topics in a simpler way,Neutral
295,949,9,8,7,1,7,6,9,4,Assignments were challenging,Positive
296,523,10,2,6,9,7,5,10,9,Include more practicals,Positive
297,527,5,6,5,2,8,6,9,8,Helped clear my doubts clearly,Positive
298,461,7,10,7,6,6,8,4,9,"Too much theory, less engagement",Neutral
299,244,5,8,4,9,3,10,1,3,Loved the interactive session,Positive
300,363,9,3,8,10,2,7,5,1,Very helpful and interactive session,Positive
301,610,8,10,6,8,2,1,5,1,The class was too fast paced,Positive
302,381,9,2,8,8,1,9,1,2,Great use of visuals,Positive
303,954,8,8,6,3,9,5,7,2,More examples should be added,Positive
304,604,10,9,8,9,4,8,7,9,Explain topics in a simpler way,Neutral
305,414,10,6,4,8,2,9,9,3,Assignments were challenging,Positive
306,151,8,7,5,10,8,3,8,6,Include more practicals,Positive
307,721,6,9,4,1,4,10,10,9,Helped clear my doubts clearly,Positive
308,664,10,8,7,4,8,2,1,10,"Too much theory, less engagement",Neutral
309,956,7,2,6,5,2,3,8,7,Loved the interactive session,Positive
310,747,5,3,5,6,5,10,3,6,Very helpful and interactive session,Positive
311,438,9,6,5,9,2,3,9,3,The class was too fast paced,Positive
312,975,5,10,4,8,7,6,8,3,Great use of visuals,Positive
313,277,5,6,8,7,2,7,1,10,More examples should be added,Positive
314,312,7,2,7,6,6,3,7,2,Explain topics in a simpler way,Neutral
315,565,10,9,7,10,4,8,5,4,Assignments were challenging,Positive
316,739,8,7,5,10,1,1,8,1,Include more practicals,Positive
317,584,8,8,5,8,6,6,9,4,Helped clear my doubts clearly,Positive
318,894,6,3,5,4,7,1,5,5,"Too much theory, less engagement",Neutral
319,270,9,10,5,9,6,4,7,7,Loved the interactive session,Positive
320,966,7,4,5,3,1,8,10,2,Very helpful and interactive session,Positive
321,489,7,2,5,8,1,1,8,8,The class was too fast paced,Positive
322,665,6,3,4,2,8,5,8,5,Great use of visuals,Positive
323,71,9,10,8,4,9,3,8,2,More examples should be added,Positive
324,603,7,2,7,1,7,7,1,7,Explain topics in a simpler way,Neutral
325,196,8,10,8,10,6,7,7,7,Assignments were challenging,Positive
326,804,9,3,7,6,10,7,9,7,Include more practicals,Positive
327,837,5,10,4,1,4,8,9,1,Helped clear my doubts clearly,Positive
328,530,6,5,4,9,1,2,3,6,"Too much theory, less engagement",Neutral
329,720,6,6,6,9,10,4,6,7,Loved the interactive session,Positive
330,272,5,4,6,4,4,7,7,9,Very helpful and interactive session,Positive
331,984,5,10,6,4,2,10,4,6,The class was too fast paced,Positive
332,185,10,3,8,4,1,10,7,9,Great use of visuals,Positive
333,487,6,6,4,2,10,10,1,9,More examples should be added,Positive
334,75,8,9,8,6,2,7,9,10,Explain topics in a simpler way,Neutral
335,718,6,3,6,7,6,6,2,6,Assignments were challenging,Positive
336,496,10,7,4,6,10,5,3,6,Include more practicals,Positive
337,630,5,5,4,8,3,6,6,8,Helped clear my doubts clearly,Positive
338,637,8,10,5,6,10,8,2,2,"Too much theory, less engagement",Neutral
339,360,9,9,8,2,3,1,8,6,Loved the interactive session,Positive
340,183,6,7,5,5,4,7,1,9,Very helpful and interactive session,Positive
341,689,10,8,7,8,1,9,5,10,The class was too fast paced,Positive
342,236,6,9,6,4,1,2,8,4,Great use of visuals,Positive
343,768,6,6,6,3,5,9,8,3,More examples should be added,Positive
344,316,7,2,7,8,6,4,2,9,Explain topics in a simpler way,Neutral
345,396,6,10,4,6,1,2,4,10,Assignments were challenging,Positive
346,212,6,4,4,6,5,10,10,2,Include more practicals,Positive
347,830,9,7,7,10,7,8,6,4,Helped clear my doubts clearly,Positive
348,209,9,8,5,3,3,10,7,2,"Too much theory, less engagement",Neutral
349,62,7,4,4,5,3,10,2,1,Loved the interactive session,Positive
350,447,8,7,7,1,4,7,10,9,Very helpful and interactive session,Positive
351,100,6,6,6,10,7,5,7,8,The class was too fast paced,Positive
352,305,10,8,8,4,6,3,10,4,Great use of visuals,Positive
353,494,10,6,6,6,4,10,2,9,More examples should be added,Positive
354,328,10,6,5,4,6,10,8,2,Explain topics in a simpler way,Neutral
355,854,8,2,8,4,6,2,4,7,Assignments were challenging,Positive
356,866,5,10,4,8,3,7,4,5,Include more practicals,Positive
357,943,8,9,7,10,6,7,7,6,Helped clear my doubts clearly,Positive
358,734,9,8,5,3,10,1,8,3,"Too much theory, less engagement",Neutral
359,189,9,3,6,2,3,8,10,7,Loved the interactive session,Positive
360,404,10,5,7,8,1,5,10,4,Very helpful and interactive session,Positive
361,518,7,4,8,5,7,9,2,6,The class was too fast paced,Positive
362,856,6,9,4,6,8,8,3,8,Great use of visuals,Positive
363,70,9,2,5,8,10,9,7,6,More examples should be added,Positive
364,457,7,4,8,2,3,6,8,4,Explain topics in a simpler way,Neutral
365,148,5,4,4,4,8,10,5,5,Assignments were challenging,Positive
366,958,10,10,5,8,5,10,7,8,Include more practicals,Positive
367,356,7,3,7,6,4,2,1,10,Helped clear my doubts clearly,Positive
368,793,10,9,6,4,7,6,8,3,"Too much theory, less engagement",Neutral
369,771,8,7,6,4,8,7,3,2,Loved the interactive session,Positive
370,452,5,6,7,9,7,8,6,1,Very helpful and interactive session,Positive
371,72,8,7,7,3,4,1,4,7,The class was too fast paced,Positive
372,710,7,2,6,5,7,7,6,10,Great use of visuals,Positive
373,980,6,3,7,1,5,4,9,4,More examples should be added,Positive
374,145,6,8,4,6,1,3,2,7,Explain topics in a simpler way,Neutral
375,960,6,9,6,1,3,3,5,8,Assignments were challenging,Positive
376,660,5,7,7,3,10,3,3,4,Include more practicals,Positive
377,987,9,10,7,8,7,3,8,7,Helped clear my doubts clearly,Positive
378,534,9,5,7,5,2,6,10,8,"Too much theory, less engagement",Neutral
379,858,9,5,5,3,2,2,7,7,Loved the interactive session,Positive
380,324,10,5,5,2,2,5,7,6,Very helpful and interactive session,Positive
381,884,7,4,7,10,5,1,7,4,The class was too fast paced,Positive
382,611,8,9,5,3,9,5,8,3,Great use of visuals,Positive
383,136,8,6,7,10,9,9,2,3,More examples should be added,Positive
384,705,9,3,6,3,3,5,1,2,Explain topics in a simpler way,Neutral
385,991,7,4,5,8,9,8,5,1,Assignments were challenging,Positive
386,676,9,8,5,7,4,10,2,6,Include more practicals,Positive
387,769,9,8,8,8,1,1,8,5,Helped clear my doubts clearly,Positive
388,246,7,10,8,8,4,10,3,8,"Too much theory, less engagement",Neutral
389,644,9,6,8,2,7,6,4,6,Loved the interactive session,Positive
390,263,7,9,4,7,9,8,10,7,Very helpful and interactive session,Positive
391,476,9,4,6,4,8,6,4,10,The class was too fast paced,Positive
392,697,7,7,6,1,8,10,5,2,Great use of visuals,Positive
393,95,7,2,5,5,9,6,8,3,More examples should be added,Positive
394,688,8,6,7,5,6,1,4,10,Explain topics in a simpler way,Neutral
395,633,8,2,4,7,4,6,7,4,Assignments were challenging,Positive
396,241,8,3,8,8,10,1,8,6,Include more practicals,Positive
397,524,9,8,4,6,10,1,9,10,Helped clear my doubts clearly,Positive
398,504,9,4,5,6,6,1,7,10,"Too much theory, less engagement",Neutral
399,417,9,6,7,9,5,1,7,2,Loved the interactive session,Positive
400,554,6,6,8,2,4,6,4,10,Very helpful and interactive session,Positive
401,656,6,2,7,2,5,6,9,9,The class was too fast paced,Positive
402,19,10,4,6,3,9,10,9,3,Great use of visuals,Positive
403,275,8,5,4,9,5,5,8,10,More examples should be added,Positive
404,478,5,10,7,6,8,7,3,9,Explain topics in a simpler way,Neutral
405,132,6,9,5,8,10,3,2,10,Assignments were challenging,Positive
406,515,8,3,5,10,3,4,9,4,Include more practicals,Positive
407,44,8,9,5,3,6,9,4,9,Helped clear my doubts clearly,Positive
408,388,6,10,4,5,6,4,4,9,"Too much theory, less engagement",Neutral
409,204,8,7,6,3,3,10,3,6,Loved the interactive session,Positive
410,338,5,2,4,6,9,10,9,4,Very helpful and interactive session,Positive
411,619,8,7,6,4,3,9,3,8,The class was too fast paced,Positive
412,205,8,4,4,2,1,7,9,7,Great use of visuals,Positive
413,39,7,3,7,10,6,4,8,2,More examples should be added,Positive
414,53,5,8,5,1,10,8,5,7,Explain topics in a simpler way,Neutral
415,58,9,3,7,1,2,3,10,7,Assignments were challenging,Positive
416,157,9,6,8,2,8,4,4,3,Include more practicals,Positive
417,28,8,6,6,9,9,9,4,7,Helped clear my doubts clearly,Positive
418,833,8,6,7,7,7,9,10,9,"Too much theory, less engagement",Neutral
419,252,8,9,4,6,10,2,7,5,Loved the interactive session,Positive
420,658,8,5,6,7,10,4,6,4,Very helpful and interactive session,Positive
421,179,6,3,7,6,2,6,5,2,The class was too fast paced,Positive
422,851,9,6,4,10,2,1,3,10,Great use of visuals,Positive
423,809,7,8,7,5,10,2,8,8,More examples should be added,Positive
424,330,7,7,5,7,9,10,2,2,Explain topics in a simpler way,Neutral
425,94,10,10,4,7,8,2,4,4,Assignments were challenging,Positive
426,826,10,5,7,2,8,7,10,5,Include more practicals,Positive
427,227,9,3,6,4,7,4,4,7,Helped clear my doubts clearly,Positive
428,1000,9,8,5,4,10,7,7,10,"Too much theory, less engagement",Neutral
429,114,10,9,7,1,8,4,4,2,Loved the interactive session,Positive
430,251,5,9,6,9,6,4,5,2,Very helpful and interactive session,Positive
431,613,5,6,6,3,9,4,2,9,The class was too fast paced,Positive
432,101,10,5,6,6,9,8,10,3,Great use of visuals,Positive
433,871,7,8,7,10,10,7,2,2,More examples should be added,Positive
434,551,6,3,5,7,3,1,9,10,Explain topics in a simpler way,Neutral
435,931,6,5,7,3,6,5,6,10,Assignments were challenging,Positive
436,49,8,7,8,8,1,1,8,3,Include more practicals,Positive
437,512,5,10,7,9,9,9,6,9,Helped clear my doubts clearly,Positive
438,261,9,9,7,7,4,10,5,9,"Too much theory, less engagement",Neutral
439,754,6,9,4,4,3,10,2,10,Loved the interactive session,Positive
440,345,8,2,8,9,10,10,9,5,Very helpful and interactive session,Positive
441,970,10,9,5,7,6,7,4,7,The class was too fast paced,Positive
442,990,6,9,6,4,9,5,10,8,Great use of visuals,Positive
443,911,6,4,4,10,9,4,7,2,More examples should be added,Positive
444,909,9,8,5,9,5,6,9,7,Explain topics in a simpler way,Neutral
445,817,6,5,7,10,10,4,6,6,Assignments were challenging,Positive
446,733,10,10,5,1,4,1,3,4,Include more practicals,Positive
447,626,7,9,5,4,9,4,3,1,Helped clear my doubts clearly,Positive
448,292,7,9,8,1,5,4,7,4,"Too much theory, less engagement",Neutral
449,82,5,10,8,4,4,10,5,5,Loved the interactive session,Positive
450,355,10,8,5,6,5,10,1,8,Very helpful and interactive session,Positive
451,948,9,5,4,7,9,3,5,7,The class was too fast paced,Positive
452,341,9,4,4,4,7,5,5,8,Great use of visuals,Positive
453,952,7,9,5,7,8,8,10,5,More examples should be added,Positive
454,711,7,3,4,6,3,7,6,4,Explain topics in a simpler way,Neutral
455,635,7,3,8,6,7,4,10,5,Assignments were challenging,Positive
456,850,5,8,7,4,8,7,8,6,Include more practicals,Positive
457,716,6,3,7,9,2,3,3,6,Helped clear my doubts clearly,Positive
458,627,10,2,4,1,6,5,9,5,"Too much theory, less engagement",Neutral
459,661,6,10,4,3,8,2,7,6,Loved the interactive session,Positive
460,877,8,9,4,5,10,10,10,2,Very helpful and interactive session,Positive
461,177,8,2,6,2,8,1,9,9,The class was too fast paced,Positive
462,322,8,10,7,3,3,3,1,5,Great use of visuals,Positive
463,914,9,2,4,2,4,2,2,9,More examples should be added,Positive
464,486,10,9,5,1,4,10,6,9,Explain topics in a simpler way,Neutral
465,723,6,10,5,3,10,3,6,4,Assignments were challenging,Positive
466,105,9,10,5,1,3,1,1,2,Include more practicals,Positive
467,52,6,10,4,1,7,3,10,2,Helped clear my doubts clearly,Positive
468,436,9,9,4,10,1,10,10,2,"Too much theory, less engagement",Neutral
469,829,6,9,5,3,2,2,10,9,Loved the interactive session,Positive
470,753,5,10,8,7,5,10,9,7,Very helpful and interactive session,Positive
471,130,7,9,5,9,3,2,5,4,The class was too fast paced,Positive
472,91,6,5,4,2,5,8,3,3,Great use of visuals,Positive
473,590,10,3,4,4,9,9,6,2,More examples should be added,Positive
474,965,10,3,4,5,10,3,7,3,Explain topics in a simpler way,Neutral
475,99,8,9,6,2,2,3,10,6,Assignments were challenging,Positive
476,912,7,10,7,10,2,7,5,7,Include more practicals,Positive
477,395,9,6,8,2,7,9,8,10,Helped clear my doubts clearly,Positive
478,923,6,3,5,6,9,4,10,3,"Too much theory, less engagement",Neutral
479,499,7,9,8,3,5,1,5,2,Loved the interactive session,Positive
480,115,5,5,7,1,3,8,1,10,Very helpful and interactive session,Positive
481,815,5,9,6,6,2,9,5,3,The class was too fast paced,Positive
482,570,10,10,6,8,9,2,8,10,Great use of visuals,Positive
483,825,9,7,8,1,3,2,9,3,More examples should be added,Positive
484,620,9,5,8,2,8,10,8,8,Explain topics in a simpler way,Neutral
485,175,10,9,8,2,1,6,7,2,Assignments were challenging,Positive
486,358,5,7,4,3,3,10,3,4,Include more practicals,Positive
487,191,7,4,5,2,5,10,4,7,Helped clear my doubts clearly,Positive
488,492,6,5,8,10,3,8,3,2,"Too much theory, less engagement",Neutral
489,529,9,6,6,1,4,10,1,7,Loved the interactive session,Positive
490,389,5,5,8,6,2,3,5,7,Very helpful and interactive session,Positive
491,878,6,5,8,4,10,3,9,10,The class was too fast paced,Positive
492,368,7,9,8,3,2,7,4,1,Great use of visuals,Positive
493,122,7,5,5,3,9,6,9,2,More examples should be added,Positive
494,332,9,2,7,2,8,7,4,10,Explain topics in a simpler way,Neutral
495,303,7,4,5,4,7,2,1,6,Assignments were challenging,Positive
496,336,8,10,4,5,6,7,2,3,Include more practicals,Positive
497,588,6,6,4,10,10,10,3,9,Helped clear my doubts clearly,Positive
498,609,10,9,4,4,1,5,9,10,"Too much theory, less engagement",Neutral
499,920,10,6,7,10,10,2,4,2,Loved the interactive session,Positive
500,370,9,4,7,10,1,10,2,7,Very helpful and interactive session,Positive
501,405,10,2,5,5,5,1,4,6,The class was too fast paced,Positive
502,779,10,8,6,3,8,8,7,8,Great use of visuals,Positive
503,962,10,6,4,5,1,7,1,10,More examples should be added,Positive
504,268,10,6,5,9,9,1,8,6,Explain topics in a simpler way,Neutral
505,625,10,7,6,7,9,6,3,3,Assignments were challenging,Positive
506,217,8,9,8,3,8,5,5,5,Include more practicals,Positive
507,479,10,10,4,6,5,9,2,3,Helped clear my doubts clearly,Positive
508,500,9,5,8,4,2,2,5,1,"Too much theory, less engagement",Neutral
509,409,8,9,7,3,10,4,6,1,Loved the interactive session,Positive
510,546,7,7,5,1,9,8,1,1,Very helpful and interactive session,Positive
511,967,5,5,8,8,1,9,8,5,The class was too fast paced,Positive
512,343,8,4,7,1,10,8,2,6,Great use of visuals,Positive
513,639,7,4,7,7,6,10,5,7,More examples should be added,Positive
514,402,6,8,6,9,4,8,5,7,Explain topics in a simpler way,Neutral
515,617,5,7,5,4,7,1,10,6,Assignments were challenging,Positive
516,349,6,8,8,2,9,9,2,8,Include more practicals,Positive
517,994,8,5,5,2,5,5,9,5,Helped clear my doubts clearly,Positive
518,279,5,10,7,1,4,4,9,4,"Too much theory, less engagement",Neutral
519,926,10,7,5,1,1,6,6,1,Loved the interactive session,Positive
520,816,10,8,5,9,2,7,9,3,Very helpful and interactive session,Positive
521,765,8,7,8,5,7,7,7,7,The class was too fast paced,Positive
522,160,10,6,5,4,2,10,4,7,Great use of visuals,Positive
523,606,8,3,8,1,6,4,8,9,More examples should be added,Positive
524,602,5,3,6,2,8,10,3,1,Explain topics in a simpler way,Neutral
525,893,10,6,8,1,1,10,1,3,Assignments were challenging,Positive
526,810,9,6,7,3,5,9,10,5,Include more practicals,Positive
527,802,8,2,6,6,3,8,7,7,Helped clear my doubts clearly,Positive
528,162,6,2,5,2,10,2,8,8,"Too much theory, less engagement",Neutral
529,449,5,7,8,9,3,2,7,10,Loved the interactive session,Positive
530,463,7,8,7,8,1,4,4,1,Very helpful and interactive session,Positive
531,41,5,3,5,9,3,1,8,8,The class was too fast paced,Positive
532,838,6,3,6,8,7,1,8,8,Great use of visuals,Positive
533,703,10,7,8,3,4,7,9,8,More examples should be added,Positive
534,490,9,2,6,10,9,8,2,4,Explain topics in a simpler way,Neutral
535,906,7,7,8,4,5,2,4,5,Assignments were challenging,Positive
536,174,7,3,6,7,10,10,2,3,Include more practicals,Positive
537,4,5,8,5,7,10,7,3,1,Helped clear my doubts clearly,Positive
538,161,6,7,8,3,5,10,6,4,"Too much theory, less engagement",Neutral
539,31,5,4,5,9,9,2,4,1,Loved the interactive session,Positive
540,623,6,4,6,6,10,10,3,9,Very helpful and interactive session,Positive
541,818,10,5,4,9,2,6,2,6,The class was too fast paced,Positive
542,60,5,6,5,3,1,7,5,3,Great use of visuals,Positive
543,384,6,2,7,9,4,4,2,8,More examples should be added,Positive
544,971,7,6,7,4,6,6,7,9,Explain topics in a simpler way,Neutral
545,427,7,3,7,2,9,8,8,7,Assignments were challenging,Positive
546,431,10,9,4,3,3,9,4,1,Include more practicals,Positive
547,408,6,5,4,7,1,8,6,7,Helped clear my doubts clearly,Positive
548,577,10,7,4,10,7,2,5,1,"Too much theory, less engagement",Neutral
549,803,6,10,8,5,6,5,6,7,Loved the interactive session,Positive
550,273,9,3,7,1,5,3,8,4,Very helpful and interactive session,Positive
551,371,6,3,4,9,4,10,4,10,The class was too fast paced,Positive
552,999,6,7,8,8,9,9,9,5,Great use of visuals,Positive
553,595,10,5,5,4,10,4,4,4,More examples should be added,Positive
554,63,8,8,7,4,4,4,8,2,Explain topics in a simpler way,Neutral
555,899,5,4,7,7,2,6,1,1,Assignments were challenging,Positive
556,0,7,4,8,2,1,4,8,3,Include more practicals,Positive
557,796,7,9,6,2,7,7,6,8,Helped clear my doubts clearly,Positive
558,181,10,10,4,2,1,5,3,1,"Too much theory, less engagement",Neutral
559,290,6,7,6,4,2,8,9,7,Loved the interactive session,Positive
560,373,6,4,8,10,5,3,10,10,Very helpful and interactive session,Positive
561,285,6,10,5,7,3,3,5,1,The class was too fast paced,Positive
562,882,6,3,4,1,7,5,4,2,Great use of visuals,Positive
563,776,8,3,7,6,3,7,6,7,More examples should be added,Positive
564,935,10,9,7,2,8,2,1,2,Explain topics in a simpler way,Neutral
565,679,10,6,4,5,10,9,6,7,Assignments were challenging,Positive
566,102,7,4,6,3,5,7,5,5,Include more practicals,Positive
567,618,5,8,6,9,3,8,7,9,Helped clear my doubts clearly,Positive
568,607,8,4,4,10,10,8,3,7,"Too much theory, less engagement",Neutral
569,743,9,7,7,10,1,5,5,10,Loved the interactive session,Positive
570,682,8,5,8,9,2,10,3,4,Very helpful and interactive session,Positive
571,16,5,3,6,6,5,8,8,2,The class was too fast paced,Positive
572,969,8,6,8,10,2,1,3,2,Great use of visuals,Positive
573,46,8,4,4,9,5,7,4,8,More examples should be added,Positive
574,706,6,8,7,9,8,6,4,1,Explain topics in a simpler way,Neutral
575,993,9,9,4,1,5,2,9,9,Assignments were challenging,Positive
576,508,10,6,5,8,8,5,7,10,Include more practicals,Positive
577,989,8,4,5,4,8,6,7,3,Helped clear my doubts clearly,Positive
578,133,10,4,7,3,5,4,4,5,"Too much theory, less engagement",Neutral
579,15,8,9,8,3,6,10,2,3,Loved the interactive session,Positive
580,78,10,9,6,8,10,7,7,8,Very helpful and interactive session,Positive
581,433,6,6,8,4,8,9,4,1,The class was too fast paced,Positive
582,784,7,7,4,3,7,8,6,10,Great use of visuals,Positive
583,983,5,2,4,1,9,4,3,2,More examples should be added,Positive
584,197,9,3,5,9,8,2,4,10,Explain topics in a simpler way,Neutral
585,483,8,2,6,2,10,2,2,5,Assignments were challenging,Positive
586,376,5,5,5,8,8,4,6,10,Include more practicals,Positive
587,915,10,7,4,6,9,4,9,5,Helped clear my doubts clearly,Positive
588,210,6,5,7,9,5,1,2,4,"Too much theory, less engagement",Neutral
589,20,8,4,5,1,10,10,7,5,Loved the interactive session,Positive
590,425,5,9,8,1,10,8,10,10,Very helpful and interactive session,Positive
591,668,6,3,6,1,2,10,9,3,The class was too fast paced,Positive
592,54,7,2,5,1,5,3,1,3,Great use of visuals,Positive
593,950,7,2,7,10,5,3,4,7,More examples should be added,Positive
594,782,6,7,4,2,2,1,3,8,Explain topics in a simpler way,Neutral
595,108,5,5,7,5,10,7,3,9,Assignments were challenging,Positive
596,400,9,4,5,5,8,10,6,10,Include more practicals,Positive
597,685,10,9,7,3,1,6,6,4,Helped clear my doubts clearly,Positive
598,673,9,3,4,4,7,9,8,4,"Too much theory, less engagement",Neutral
599,198,6,7,7,7,3,5,4,3,Loved the interactive session,Positive
600,14,5,5,8,9,7,5,2,1,Very helpful and interactive session,Positive
601,172,6,5,8,3,4,3,10,3,The class was too fast paced,Positive
602,359,5,6,7,6,9,5,1,5,Great use of visuals,Positive
603,714,10,5,5,5,7,5,7,9,More examples should be added,Positive
604,785,7,6,7,1,7,5,5,9,Explain topics in a simpler way,Neutral
605,865,8,4,6,2,7,5,2,7,Assignments were challenging,Positive
606,662,10,6,4,5,1,9,6,3,Include more practicals,Positive
607,513,9,10,7,7,9,2,10,1,Helped clear my doubts clearly,Positive
608,722,7,10,5,5,4,9,6,7,"Too much theory, less engagement",Neutral
609,8,6,7,6,10,6,9,9,10,Loved the interactive session,Positive
610,873,10,10,4,5,9,10,2,5,Very helpful and interactive session,Positive
611,684,10,3,7,4,4,5,1,10,The class was too fast paced,Positive
612,73,7,2,5,6,3,1,1,4,Great use of visuals,Positive
613,900,9,8,5,8,4,6,9,7,More examples should be added,Positive
614,933,6,9,4,8,7,10,3,5,Explain topics in a simpler way,Neutral
615,634,6,7,6,6,1,6,3,8,Assignments were challenging,Positive
616,835,8,2,7,8,3,4,3,4,Include more practicals,Positive
617,422,9,8,4,4,8,3,4,10,Helped clear my doubts clearly,Positive
618,235,6,2,8,8,6,3,3,1,"Too much theory, less engagement",Neutral
619,286,10,3,7,10,8,8,4,9,Loved the interactive session,Positive
620,129,7,3,4,9,1,4,4,9,Very helpful and interactive session,Positive
621,443,7,9,8,2,4,5,1,5,The class was too fast paced,Positive
622,301,10,7,7,4,3,4,9,2,Great use of visuals,Positive
623,532,10,2,4,2,2,6,10,9,More examples should be added,Positive
624,64,6,2,8,1,8,4,8,4,Explain topics in a simpler way,Neutral
625,860,10,8,4,3,7,1,4,5,Assignments were challenging,Positive
626,559,8,4,4,6,5,5,1,7,Include more practicals,Positive
627,311,7,5,6,8,4,9,8,9,Helped clear my doubts clearly,Positive
628,32,9,3,7,7,6,1,9,2,"Too much theory, less engagement",Neutral
629,296,10,7,4,2,2,10,10,8,Loved the interactive session,Positive
630,419,10,2,5,8,5,3,3,10,Very helpful and interactive session,Positive
631,83,10,6,6,1,8,1,3,9,The class was too fast paced,Positive
632,594,7,2,7,6,7,2,3,6,Great use of visuals,Positive
633,501,5,2,8,4,7,6,10,4,More examples should be added,Positive
634,411,8,4,4,4,8,4,3,1,Explain topics in a simpler way,Neutral
635,824,10,7,7,9,4,9,9,8,Assignments were challenging,Positive
636,585,7,6,8,2,4,7,10,9,Include more practicals,Positive
637,848,9,9,6,1,9,2,8,6,Helped clear my doubts clearly,Positive
638,299,10,8,5,5,4,3,1,9,"Too much theory, less engagement",Neutral
639,107,9,4,8,6,10,4,5,9,Loved the interactive session,Positive
640,119,9,10,5,1,9,6,7,6,Very helpful and interactive session,Positive
641,335,5,3,4,2,8,4,7,6,The class was too fast paced,Positive
642,557,5,5,8,2,4,10,6,1,Great use of visuals,Positive
643,113,5,6,7,1,10,6,4,7,More examples should be added,Positive
644,281,5,6,6,3,4,1,1,1,Explain topics in a simpler way,Neutral
645,836,9,3,4,6,6,3,2,7,Assignments were challenging,Positive
646,426,9,8,7,8,10,6,9,8,Include more practicals,Positive
647,42,8,2,4,6,6,7,3,1,Helped clear my doubts clearly,Positive
648,567,9,3,8,1,4,9,10,9,"Too much theory, less engagement",Neutral
649,589,5,8,7,5,6,7,8,9,Loved the interactive session,Positive
650,187,5,5,6,2,6,1,8,5,Very helpful and interactive session,Positive
651,615,5,6,7,9,1,1,1,5,The class was too fast paced,Positive
652,556,9,9,5,5,1,3,6,10,Great use of visuals,Positive
653,3,9,6,5,9,10,5,5,4,More examples should be added,Positive
654,667,9,9,6,2,1,3,10,2,Explain topics in a simpler way,Neutral
655,234,7,2,4,5,1,8,7,2,Assignments were challenging,Positive
656,96,6,6,5,10,8,10,5,2,Include more practicals,Positive
657,691,7,7,8,8,5,4,8,2,Helped clear my doubts clearly,Positive
658,269,9,10,6,10,10,1,9,10,"Too much theory, less engagement",Neutral
659,566,8,10,6,10,7,6,6,1,Loved the interactive session,Positive
660,985,5,5,4,8,7,6,7,3,Very helpful and interactive session,Positive
661,437,7,2,6,7,5,8,1,8,The class was too fast paced,Positive
662,200,8,4,8,6,8,4,7,1,Great use of visuals,Positive
663,291,10,3,7,8,2,10,3,3,More examples should be added,Positive
664,612,8,9,8,7,1,2,8,4,Explain topics in a simpler way,Neutral
665,448,6,7,7,9,2,9,2,5,Assignments were challenging,Positive
666,439,6,8,7,7,7,4,5,4,Include more practicals,Positive
667,573,5,5,5,8,8,9,8,2,Helped clear my doubts clearly,Positive
668,7,5,8,5,6,2,10,4,8,"Too much theory, less engagement",Neutral
669,725,5,10,8,4,3,5,1,6,Loved the interactive session,Positive
670,50,9,8,6,7,1,6,7,4,Very helpful and interactive session,Positive
671,423,7,9,5,10,10,7,7,3,The class was too fast paced,Positive
672,140,7,10,6,8,6,10,9,6,Great use of visuals,Positive
673,135,8,9,7,3,6,10,2,9,More examples should be added,Positive
674,786,5,4,7,5,5,6,7,1,Explain topics in a simpler way,Neutral
675,601,8,9,4,5,4,3,1,10,Assignments were challenging,Positive
676,493,9,4,4,9,4,3,6,7,Include more practicals,Positive
677,553,7,2,4,7,3,5,1,3,Helped clear my doubts clearly,Positive
678,27,7,3,5,5,5,1,8,6,"Too much theory, less engagement",Neutral
679,257,8,5,6,4,4,1,5,4,Loved the interactive session,Positive
680,225,10,4,5,9,3,6,9,4,Very helpful and interactive session,Positive
681,788,6,5,6,3,10,4,3,8,The class was too fast paced,Positive
682,37,8,9,5,3,4,3,5,2,Great use of visuals,Positive
683,170,5,10,7,2,8,5,9,5,More examples should be added,Positive
684,528,9,2,5,2,6,5,1,6,Explain topics in a simpler way,Neutral
685,600,7,8,6,10,6,7,7,6,Assignments were challenging,Positive
686,655,7,8,5,4,1,6,6,8,Include more practicals,Positive
687,74,8,8,6,1,2,5,2,6,Helped clear my doubts clearly,Positive
688,505,9,6,8,5,8,4,7,6,"Too much theory, less engagement",Neutral
689,377,5,5,7,3,9,6,1,4,Loved the interactive session,Positive
690,808,8,6,4,5,1,8,8,3,Very helpful and interactive session,Positive
691,366,9,9,8,2,1,10,5,2,The class was too fast paced,Positive
692,238,8,7,5,10,10,9,7,10,Great use of visuals,Positive
693,255,9,10,7,10,3,2,7,8,More examples should be added,Positive
694,123,10,2,4,5,9,8,3,5,Explain topics in a simpler way,Neutral
695,663,6,2,8,2,5,7,5,7,Assignments were challenging,Positive
696,876,6,7,4,4,9,2,5,9,Include more practicals,Positive
697,690,5,10,8,4,2,7,9,6,Helped clear my doubts clearly,Positive
698,309,5,8,4,9,2,1,4,5,"Too much theory, less engagement",Neutral
699,693,7,9,8,1,5,10,3,7,Loved the interactive session,Positive
700,226,7,6,8,8,8,5,8,8,Very helpful and interactive session,Positive
701,951,10,10,7,10,5,9,7,1,The class was too fast paced,Positive
702,260,9,3,7,4,7,2,8,3,Great use of visuals,Positive
703,243,9,8,8,8,4,10,8,9,More examples should be added,Positive
704,222,5,4,4,2,7,9,5,3,Explain topics in a simpler way,Neutral
705,314,5,10,6,8,6,6,10,4,Assignments were challenging,Positive
706,229,7,6,8,2,2,10,8,8,Include more practicals,Positive
707,85,5,6,8,9,3,4,4,4,Helped clear my doubts clearly,Positive
708,76,8,9,8,6,3,10,7,2,"Too much theory, less engagement",Neutral
709,887,6,9,5,8,9,7,6,2,Loved the interactive session,Positive
710,582,8,4,7,8,1,5,9,3,Very helpful and interactive session,Positive
711,674,8,5,6,8,7,10,2,7,The class was too fast paced,Positive
712,986,7,2,6,2,4,7,10,7,Great use of visuals,Positive
713,511,8,4,4,5,2,10,10,6,More examples should be added,Positive
714,879,6,10,5,10,9,5,5,4,Explain topics in a simpler way,Neutral
715,401,8,10,7,2,8,10,8,9,Assignments were challenging,Positive
716,514,6,6,7,10,7,7,6,3,Include more practicals,Positive
717,750,10,3,8,1,5,1,3,5,Helped clear my doubts clearly,Positive
718,156,7,4,7,9,10,8,5,8,"Too much theory, less engagement",Neutral
719,775,5,6,7,2,5,4,1,4,Loved the interactive session,Positive
720,329,9,8,8,5,3,3,10,8,Very helpful and interactive session,Positive
721,467,8,10,5,7,7,1,3,6,The class was too fast paced,Positive
722,178,7,7,4,7,1,2,1,2,Great use of visuals,Positive
723,549,5,3,7,6,8,8,5,5,More examples should be added,Positive
724,453,8,4,4,4,2,8,1,4,Explain topics in a simpler way,Neutral
725,307,6,9,5,1,6,5,3,5,Assignments were challenging,Positive
726,472,6,8,7,7,9,9,2,3,Include more practicals,Positive
727,392,7,7,4,9,7,10,8,4,Helped clear my doubts clearly,Positive
728,65,6,4,4,6,3,10,8,3,"Too much theory, less engagement",Neutral
729,575,9,4,7,7,1,1,5,1,Loved the interactive session,Positive
730,855,8,3,6,4,1,1,9,7,Very helpful and interactive session,Positive
731,791,5,9,4,4,1,4,10,9,The class was too fast paced,Positive
732,391,5,3,7,6,7,6,9,4,Great use of visuals,Positive
733,973,6,3,4,6,4,6,6,9,More examples should be added,Positive
734,828,8,3,5,2,9,5,6,3,Explain topics in a simpler way,Neutral
735,247,6,9,6,5,2,2,3,7,Assignments were challenging,Positive
736,412,9,2,5,8,7,2,10,4,Include more practicals,Positive
737,67,7,9,4,3,9,1,1,2,Helped clear my doubts clearly,Positive
738,289,5,2,5,8,9,2,7,2,"Too much theory, less engagement",Neutral
739,399,10,6,4,8,6,5,10,4,Loved the interactive session,Positive
740,138,8,5,8,8,10,4,2,6,Very helpful and interactive session,Positive
741,537,10,6,4,9,9,5,7,5,The class was too fast paced,Positive
742,265,5,9,7,6,5,6,5,3,Great use of visuals,Positive
743,724,5,2,6,1,7,3,3,1,More examples should be added,Positive
744,653,5,6,5,6,6,3,9,2,Explain topics in a simpler way,Neutral
745,318,6,8,5,10,6,7,10,8,Assignments were challenging,Positive
746,232,6,8,5,5,1,1,7,8,Include more practicals,Positive
747,21,9,7,5,3,6,6,1,6,Helped clear my doubts clearly,Positive
748,998,9,7,5,1,2,2,1,10,"Too much theory, less engagement",Neutral
749,694,9,8,8,10,7,7,7,2,Loved the interactive session,Positive
750,927,6,2,6,2,10,3,6,4,Very helpful and interactive session,Positive
751,348,7,9,5,6,5,5,8,6,The class was too fast paced,Positive
752,968,6,7,6,3,8,1,9,3,Great use of visuals,Positive
753,992,10,6,4,3,8,6,10,3,More examples should be added,Positive
754,764,9,3,7,6,3,8,10,2,Explain topics in a simpler way,Neutral
755,587,5,4,8,2,2,2,4,10,Assignments were challenging,Positive
756,944,10,8,6,8,8,7,9,6,Include more practicals,Positive
757,239,5,10,4,3,2,7,4,4,Helped clear my doubts clearly,Positive
758,886,7,7,5,5,10,1,9,9,"Too much theory, less engagement",Neutral
759,23,9,7,4,2,1,2,9,3,Loved the interactive session,Positive
760,458,6,2,4,6,6,10,4,1,Very helpful and interactive session,Positive
761,822,6,2,7,1,5,4,1,10,The class was too fast paced,Positive
762,413,7,10,4,2,3,1,10,1,Great use of visuals,Positive
763,563,7,4,8,8,7,3,3,10,More examples should be added,Positive
764,331,8,8,7,5,10,4,7,5,Explain topics in a simpler way,Neutral
765,434,7,7,7,6,1,8,9,6,Assignments were challenging,Positive
766,456,10,4,8,6,5,1,10,1,Include more practicals,Positive
767,430,9,6,4,9,8,6,4,3,Helped clear my doubts clearly,Positive
768,896,6,8,7,5,4,4,5,5,"Too much theory, less engagement",Neutral
769,451,9,3,6,10,7,8,9,10,Loved the interactive session,Positive
770,477,5,2,5,6,10,6,10,8,Very helpful and interactive session,Positive
771,9,7,5,4,5,1,3,5,6,The class was too fast paced,Positive
772,325,7,5,7,6,1,5,8,6,Great use of visuals,Positive
773,812,9,5,4,4,2,4,2,6,More examples should be added,Positive
774,727,7,2,6,4,2,10,9,5,Explain topics in a simpler way,Neutral
775,928,6,7,6,9,4,8,5,8,Assignments were challenging,Positive
776,134,9,9,7,4,7,10,8,3,Include more practicals,Positive
777,819,6,7,8,8,9,10,2,2,Helped clear my doubts clearly,Positive
778,230,7,2,8,2,6,1,9,2,"Too much theory, less engagement",Neutral
779,520,9,3,5,6,7,10,10,3,Loved the interactive session,Positive
780,326,7,10,8,8,6,4,9,7,Very helpful and interactive session,Positive
781,142,6,8,4,10,8,5,8,6,The class was too fast paced,Positive
782,491,5,4,8,6,1,3,4,4,Great use of visuals,Positive
783,379,7,5,6,2,9,7,3,10,More examples should be added,Positive
784,465,5,2,8,8,6,8,2,4,Explain topics in a simpler way,Neutral
785,756,6,7,7,3,2,6,9,7,Assignments were challenging,Positive
786,347,6,8,7,3,5,1,2,8,Include more practicals,Positive
787,237,10,4,5,8,7,8,2,8,Helped clear my doubts clearly,Positive
788,642,5,7,6,8,9,6,6,7,"Too much theory, less engagement",Neutral
789,506,9,7,4,1,5,7,5,1,Loved the interactive session,Positive
790,646,7,8,5,4,7,8,8,8,Very helpful and interactive session,Positive
791,382,10,10,7,5,2,3,6,3,The class was too fast paced,Positive
792,256,6,7,4,5,9,8,6,5,Great use of visuals,Positive
793,327,8,8,5,10,2,1,10,5,More examples should be added,Positive
794,624,7,3,7,10,2,1,8,8,Explain topics in a simpler way,Neutral
795,155,8,8,8,10,3,9,7,3,Assignments were challenging,Positive
796,578,8,10,7,4,5,8,7,6,Include more practicals,Positive
797,640,10,9,4,10,2,4,3,1,Helped clear my doubts clearly,Positive
798,997,9,8,8,6,8,3,3,10,"Too much theory, less engagement",Neutral
799,242,7,9,5,4,5,9,1,4,Loved the interactive session,Positive
800,344,7,6,8,9,8,3,8,5,Very helpful and interactive session,Positive
801,699,9,5,4,8,4,2,2,8,The class was too fast paced,Positive
802,77,9,4,5,9,2,1,5,10,Great use of visuals,Positive
803,821,8,9,5,5,8,9,4,9,More examples should be added,Positive
804,903,9,8,8,8,4,8,4,1,Explain topics in a simpler way,Neutral
805,540,9,10,7,3,2,4,4,5,Assignments were challenging,Positive
806,596,5,8,7,7,1,2,10,3,Include more practicals,Positive
807,169,8,2,6,3,3,6,9,3,Helped clear my doubts clearly,Positive
808,526,9,5,5,5,2,6,4,9,"Too much theory, less engagement",Neutral
809,361,7,2,6,4,5,7,8,3,Loved the interactive session,Positive
810,917,8,6,5,3,7,5,4,8,Very helpful and interactive session,Positive
811,342,5,9,8,1,9,8,7,10,The class was too fast paced,Positive
812,599,5,2,4,8,4,8,9,5,Great use of visuals,Positive
813,875,5,4,7,3,5,6,4,5,More examples should be added,Positive
814,745,5,9,5,10,8,2,9,1,Explain topics in a simpler way,Neutral
815,131,9,4,8,2,7,5,2,10,Assignments were challenging,Positive
816,143,6,6,7,8,10,3,3,9,Include more practicals,Positive
817,666,10,5,6,8,1,2,7,7,Helped clear my doubts clearly,Positive
818,104,8,5,4,2,7,9,4,4,"Too much theory, less engagement",Neutral
819,964,8,5,5,3,10,5,5,3,Loved the interactive session,Positive
820,208,8,7,5,7,2,3,2,8,Very helpful and interactive session,Positive
821,774,7,10,5,4,6,10,9,6,The class was too fast paced,Positive
822,346,10,7,4,9,3,2,10,8,Great use of visuals,Positive
823,97,7,8,7,9,6,3,10,7,More examples should be added,Positive
824,306,9,10,4,1,3,3,2,5,Explain topics in a simpler way,Neutral
825,18,9,6,6,1,5,8,4,10,Assignments were challenging,Positive
826,284,5,7,6,3,10,3,8,6,Include more practicals,Positive
827,173,5,7,5,10,10,10,3,10,Helped clear my doubts clearly,Positive
828,558,7,9,5,5,9,7,3,5,"Too much theory, less engagement",Neutral
829,51,7,2,6,2,8,2,10,2,Loved the interactive session,Positive
830,357,5,8,7,5,4,1,8,8,Very helpful and interactive session,Positive
831,692,8,8,6,9,5,8,7,10,The class was too fast paced,Positive
832,26,8,2,6,10,9,9,4,5,Great use of visuals,Positive
833,386,9,5,5,4,6,5,7,7,More examples should be added,Positive
834,287,5,9,5,5,10,8,4,10,Explain topics in a simpler way,Neutral
835,974,8,10,4,2,4,9,8,7,Assignments were challenging,Positive
836,683,6,9,4,8,5,5,1,10,Include more practicals,Positive
837,374,6,9,4,6,2,6,7,8,Helped clear my doubts clearly,Positive
838,278,10,8,7,8,6,7,8,1,"Too much theory, less engagement",Neutral
839,367,10,4,8,3,3,9,5,7,Loved the interactive session,Positive
840,800,7,4,5,2,1,6,3,9,Very helpful and interactive session,Positive
841,11,9,5,6,8,5,6,7,7,The class was too fast paced,Positive
842,310,5,8,5,9,4,4,9,10,Great use of visuals,Positive
843,910,5,8,7,10,8,2,4,8,More examples should be added,Positive
844,440,5,7,8,9,7,1,8,10,Explain topics in a simpler way,Neutral
845,441,7,8,5,3,1,8,6,8,Assignments were challenging,Positive
846,146,8,7,5,6,9,2,9,10,Include more practicals,Positive
847,614,8,2,6,7,8,6,6,5,Helped clear my doubts clearly,Positive
848,262,10,5,4,9,6,9,9,3,"Too much theory, less engagement",Neutral
849,34,9,7,8,9,8,2,8,9,Loved the interactive session,Positive
850,407,9,8,8,6,2,9,6,4,Very helpful and interactive session,Positive
851,564,5,10,5,6,8,5,3,1,The class was too fast paced,Positive
852,538,8,7,4,6,10,5,2,9,Great use of visuals,Positive
853,748,5,8,6,1,10,2,4,9,More examples should be added,Positive
854,675,8,7,8,9,8,6,2,8,Explain topics in a simpler way,Neutral
855,224,10,7,7,6,2,1,7,9,Assignments were challenging,Positive
856,10,8,3,7,4,3,6,4,1,Include more practicals,Positive
857,708,5,3,5,4,5,9,6,4,Helped clear my doubts clearly,Positive
858,636,7,3,6,9,5,4,6,3,"Too much theory, less engagement",Neutral
859,218,7,8,4,4,1,4,6,4,Loved the interactive session,Positive
860,193,5,9,4,6,5,7,1,9,Very helpful and interactive session,Positive
861,106,6,6,5,8,3,1,9,7,The class was too fast paced,Positive
862,834,8,2,7,4,1,8,9,2,Great use of visuals,Positive
863,597,5,4,8,4,8,7,3,4,More examples should be added,Positive
864,45,8,5,6,1,5,9,2,9,Explain topics in a simpler way,Neutral
865,264,5,2,4,4,7,6,4,1,Assignments were challenging,Positive
866,219,10,4,5,7,9,10,8,3,Include more practicals,Positive
867,249,10,2,5,6,8,1,8,9,Helped clear my doubts clearly,Positive
868,507,9,2,6,2,7,9,7,9,"Too much theory, less engagement",Neutral
869,383,10,10,8,10,4,9,3,10,Loved the interactive session,Positive
870,631,10,8,5,3,9,9,8,3,Very helpful and interactive session,Positive
871,502,6,3,5,1,8,4,7,8,The class was too fast paced,Positive
872,792,10,2,6,7,7,5,6,9,Great use of visuals,Positive
873,271,8,10,6,5,7,10,10,2,More examples should be added,Positive
874,194,6,3,5,4,1,10,8,3,Explain topics in a simpler way,Neutral
875,937,8,8,4,10,1,5,9,3,Assignments were challenging,Positive
876,726,6,4,4,7,7,3,6,4,Include more practicals,Positive
877,339,6,10,5,9,4,3,6,5,Helped clear my doubts clearly,Positive
878,841,8,9,8,3,4,4,7,1,"Too much theory, less engagement",Neutral
879,874,9,7,6,9,6,1,6,3,Loved the interactive session,Positive
880,214,6,6,4,3,1,3,4,6,Very helpful and interactive session,Positive
881,924,9,10,5,5,6,4,1,8,The class was too fast paced,Positive
882,203,8,7,8,9,4,10,8,10,Great use of visuals,Positive
883,629,8,3,7,4,4,8,1,10,More examples should be added,Positive
884,354,6,3,7,10,1,1,10,6,Explain topics in a simpler way,Neutral
885,857,9,8,6,5,7,8,1,9,Assignments were challenging,Positive
886,424,5,3,7,3,8,6,5,7,Include more practicals,Positive
887,872,6,10,8,8,2,2,1,4,Helped clear my doubts clearly,Positive
888,116,8,5,6,3,5,3,1,9,"Too much theory, less engagement",Neutral
889,308,9,10,7,10,3,2,10,9,Loved the interactive session,Positive
890,698,5,9,6,3,6,9,9,9,Very helpful and interactive session,Positive
891,622,9,10,7,7,6,2,8,4,The class was too fast paced,Positive
892,103,9,6,4,6,1,3,10,6,Great use of visuals,Positive
893,464,5,4,8,6,4,10,1,6,More examples should be added,Positive
894,870,10,4,6,3,8,2,3,7,Explain topics in a simpler way,Neutral
895,351,8,5,8,10,1,9,7,7,Assignments were challenging,Positive
896,628,10,10,4,7,1,7,3,9,Include more practicals,Positive
897,33,8,5,6,1,8,7,7,2,Helped clear my doubts clearly,Positive
898,972,7,9,4,1,1,2,1,10,"Too much theory, less engagement",Neutral
899,535,5,10,5,9,9,8,1,9,Loved the interactive session,Positive
900,959,8,4,5,5,10,7,3,2,Very helpful and interactive session,Positive
901,794,10,4,4,8,6,8,6,9,The class was too fast paced,Positive
902,313,5,7,7,3,7,10,1,1,Great use of visuals,Positive
903,127,5,8,4,9,7,7,7,6,More examples should be added,Positive
904,245,10,6,4,9,9,2,7,7,Explain topics in a simpler way,Neutral
905,773,9,5,8,9,1,10,4,8,Assignments were challenging,Positive
906,69,8,6,6,1,9,1,9,7,Include more practicals,Positive
907,141,8,6,6,5,4,9,5,2,Helped clear my doubts clearly,Positive
908,139,8,3,4,10,6,1,1,5,"Too much theory, less engagement",Neutral
909,398,6,9,6,10,7,4,5,9,Loved the interactive session,Positive
910,889,7,6,8,6,6,6,7,10,Very helpful and interactive session,Positive
911,995,6,7,8,3,7,7,8,7,The class was too fast paced,Positive
912,757,9,5,7,9,7,8,9,1,Great use of visuals,Positive
913,783,5,2,8,2,8,5,7,3,More examples should be added,Positive
914,420,5,8,8,6,2,4,10,3,Explain topics in a simpler way,Neutral
915,790,7,5,6,2,3,1,6,6,Assignments were challenging,Positive
916,592,7,2,7,10,8,9,5,1,Include more practicals,Positive
917,978,6,5,8,9,6,6,2,9,Helped clear my doubts clearly,Positive
918,735,6,4,6,1,7,6,1,5,"Too much theory, less engagement",Neutral
919,731,5,10,6,9,5,10,5,2,Loved the interactive session,Positive
920,932,6,6,4,5,5,3,6,1,Very helpful and interactive session,Positive
921,497,6,4,8,4,6,10,1,6,The class was too fast paced,Positive
922,813,8,10,5,8,4,7,5,2,Great use of visuals,Positive
923,2,10,2,7,3,10,4,4,7,More examples should be added,Positive
924,649,9,2,6,10,4,9,4,2,Explain topics in a simpler way,Neutral
925,455,8,5,4,2,7,4,1,2,Assignments were challenging,Positive
926,593,5,3,5,3,9,10,9,9,Include more practicals,Positive
927,206,10,8,5,4,8,9,10,6,Helped clear my doubts clearly,Positive
928,847,7,10,5,7,1,9,10,4,"Too much theory, less engagement",Neutral
929,233,8,7,7,7,9,2,8,2,Loved the interactive session,Positive
930,87,5,10,8,4,8,10,1,9,Very helpful and interactive session,Positive
931,333,6,3,7,6,9,9,9,1,The class was too fast paced,Positive
932,738,8,2,5,7,2,7,6,5,Great use of visuals,Positive
933,350,5,6,6,1,8,7,10,10,More examples should be added,Positive
934,805,8,8,7,10,6,2,2,6,Explain topics in a simpler way,Neutral
935,700,9,8,6,1,9,6,9,1,Assignments were challenging,Positive
936,92,7,6,7,3,2,1,7,6,Include more practicals,Positive
937,68,5,5,8,8,7,6,10,4,Helped clear my doubts clearly,Positive
938,746,10,5,6,7,1,1,6,1,"Too much theory, less engagement",Neutral
939,741,7,9,7,3,10,8,10,5,Loved the interactive session,Positive
940,581,9,10,8,2,5,6,7,10,Very helpful and interactive session,Positive
941,677,9,6,6,9,1,10,7,1,The class was too fast paced,Positive
942,442,7,8,5,10,8,3,6,4,Great use of visuals,Positive
943,749,9,9,5,2,9,1,10,1,More examples should be added,Positive
944,25,5,6,4,10,4,1,8,3,Explain topics in a simpler way,Neutral
945,936,6,7,6,4,1,8,4,10,Assignments were challenging,Positive
946,90,9,10,6,7,8,1,2,7,Include more practicals,Positive
947,715,6,9,6,5,9,1,6,6,Helped clear my doubts clearly,Positive
948,240,9,9,7,10,5,7,1,6,"Too much theory, less engagement",Neutral
949,13,6,6,6,3,10,7,2,1,Loved the interactive session,Positive
950,126,7,4,6,4,1,5,2,1,Very helpful and interactive session,Positive
951,761,5,9,6,10,10,1,10,6,The class was too fast paced,Positive
952,302,8,4,6,7,1,4,1,8,Great use of visuals,Positive
953,650,8,4,7,9,10,2,8,3,More examples should be added,Positive
954,365,10,5,5,3,5,2,3,5,Explain topics in a simpler way,Neutral
955,905,5,9,6,8,10,2,1,1,Assignments were challenging,Positive
956,415,9,3,5,1,8,9,9,2,Include more practicals,Positive
957,397,10,7,8,6,6,6,2,6,Helped clear my doubts clearly,Positive
958,435,9,9,7,4,1,1,7,5,"Too much theory, less engagement",Neutral
959,945,9,3,8,2,4,9,1,1,Loved the interactive session,Positive
960,930,8,7,5,1,3,7,2,1,Very helpful and interactive session,Positive
961,687,5,9,7,9,3,1,9,5,The class was too fast paced,Positive
962,852,5,10,5,4,3,10,8,6,Great use of visuals,Positive
963,712,6,5,5,7,8,2,9,7,More examples should be added,Positive
964,470,6,10,6,6,7,1,1,2,Explain topics in a simpler way,Neutral
965,43,6,5,4,1,10,7,4,1,Assignments were challenging,Positive
966,550,5,3,7,8,2,7,7,8,Include more practicals,Positive
967,844,8,6,4,1,1,8,10,9,Helped clear my doubts clearly,Positive
968,150,6,5,8,5,2,10,1,6,"Too much theory, less engagement",Neutral
969,168,6,3,8,2,8,10,7,3,Loved the interactive session,Positive
970,519,8,7,7,6,10,10,4,3,Very helpful and interactive session,Positive
971,531,9,8,7,6,3,8,3,7,The class was too fast paced,Positive
972,643,9,7,7,7,2,4,3,7,Great use of visuals,Positive
973,428,6,9,4,4,8,6,2,5,More examples should be added,Positive
974,659,9,4,8,10,6,6,3,8,Explain topics in a simpler way,Neutral
975,766,10,2,4,3,4,6,9,4,Assignments were challenging,Positive
976,732,9,2,6,9,4,2,10,10,Include more practicals,Positive
977,916,10,4,7,3,10,10,7,8,Helped clear my doubts clearly,Positive
978,979,9,4,7,10,5,2,4,2,"Too much theory, less engagement",Neutral
979,372,5,7,7,9,3,5,10,4,Loved the interactive session,Positive
980,778,9,4,8,9,8,5,7,4,Very helpful and interactive session,Positive
981,579,10,3,7,8,9,1,8,8,The class was too fast paced,Positive
982,320,9,6,7,4,3,9,10,2,Great use of visuals,Positive
983,645,5,9,6,6,8,5,10,8,More examples should be added,Positive
984,5,6,7,4,2,3,8,10,7,Explain topics in a simpler way,Neutral
985,294,7,5,4,1,6,2,9,6,Assignments were challenging,Positive
986,117,8,2,5,10,5,4,3,2,Include more practicals,Positive
987,555,9,2,8,7,2,1,3,10,Helped clear my doubts clearly,Positive
988,29,6,9,5,1,6,10,4,5,"Too much theory, less engagement",Neutral
989,259,8,3,8,9,7,4,10,7,Loved the interactive session,Positive
990,47,8,4,4,9,10,10,2,6,Very helpful and interactive session,Positive
991,678,8,10,5,2,7,4,1,7,The class was too fast paced,Positive
992,543,8,2,4,9,3,3,3,4,Great use of visuals,Positive
993,908,5,2,5,3,2,10,4,8,More examples should be added,Positive
994,586,8,2,4,9,8,8,7,7,Explain topics in a simpler way,Neutral
995,98,9,9,7,2,3,3,8,4,Assignments were challenging,Positive
996,55,8,7,6,2,5,7,7,9,Include more practicals,Positive
997,913,5,5,6,5,6,7,6,1,Helped clear my doubts clearly,Positive
998,199,9,5,8,3,8,1,1,2,"Too much theory, less engagement",Neutral
999,539,10,2,7,4,3,4,10,1,Loved the interactive session,Positive
1000,759,7,2,4,2,1,5,9,9,Very helpful and interactive session,Positive
